10,10,0.1,0.6,0.3,19,55878.07870230556,https://autarc.github.io/traveling-salesman-problem/#99-49-4-81-28-84-73-42-39-48-79-11-25-21-14-96-61-26-85-72-23-75-94-93-80-24-18-41-65-32-95-1-16-59-58-33-47-98-51-89-34-92-88-7-86-22-69-5-53-83-90-97-19-13-54-15-67-55-37-46-63-87-38-52-77-17-10-3-40-60-45-66-62-64-31-27-12-30-50-29-6-20-91-74-56-70-82-35-2-9-43-71-76-44-8-100-68-78-36-57
10,10,0.1,0.6,0.3,11,56560.43487124046,https://autarc.github.io/traveling-salesman-problem/#26-28-76-12-1-67-94-85-55-79-24-53-46-40-87-45-31-9-71-42-18-47-90-57-22-99-68-17-48-19-80-49-39-16-65-13-50-93-72-98-77-86-88-37-52-61-89-96-5-23-8-14-60-34-78-95-66-73-75-21-81-43-84-97-63-92-83-29-51-59-69-6-20-91-54-74-56-15-36-62-41-33-7-11-64-70-32-58-4-82-25-100-10-27-3-38-2-30-35-44
10,10,0.1,0.6,0.3,11,50556.01953519475,https://autarc.github.io/traveling-salesman-problem/#71-42-76-73-83-25-80-48-2-32-100-69-8-57-7-22-58-55-92-98-90-61-52-36-45-43-13-39-29-87-44-15-4-81-1-49-79-72-99-59-66-17-95-67-68-6-86-33-14-35-78-27-9-46-70-60-94-64-34-12-51-24-50-74-82-53-16-89-23-62-93-28-31-10-21-41-63-91-37-54-26-20-18-77-30-40-85-75-97-3-96-84-19-88-47-5-11-65-38-56
10,10,0.1,0.6,0.3,12,52387.61636348178,https://autarc.github.io/traveling-salesman-problem/#73-72-71-16-34-91-68-96-66-98-92-62-21-3-10-35-40-99-29-33-43-51-65-48-94-86-14-18-57-36-67-76-69-47-39-38-50-60-30-83-17-27-82-75-46-74-31-26-23-56-88-7-9-32-78-87-28-55-8-1-25-89-22-97-95-79-5-13-6-44-53-12-100-19-59-11-70-2-63-15-85-61-42-20-45-52-77-24-37-4-41-64-49-81-58-84-80-90-54-93
10,10,0.1,0.6,0.3,11,53966.12740125459,https://autarc.github.io/traveling-salesman-problem/#87-95-46-33-80-43-73-71-90-56-97-25-81-4-15-16-96-82-44-100-72-77-92-24-28-76-31-26-53-48-86-60-93-9-89-94-12-65-47-36-63-23-10-29-21-69-30-55-58-85-49-13-79-40-32-38-27-78-8-45-35-61-88-1-39-57-20-54-22-84-98-59-14-51-62-11-34-5-70-91-42-64-2-41-75-3-17-7-19-37-83-68-18-74-6-67-99-50-52-66
10,10,0.1,0.6,0.3,10,55537.06853365708,https://autarc.github.io/traveling-salesman-problem/#7-14-73-89-49-51-44-59-10-25-97-18-16-4-96-58-77-79-54-19-11-93-71-34-60-84-40-63-98-29-65-48-47-74-13-23-15-22-57-50-83-42-5-95-39-100-53-6-68-41-76-30-37-90-92-20-35-24-8-69-1-12-66-61-91-27-45-86-33-17-99-87-78-94-43-82-67-21-62-32-46-2-55-36-3-31-75-72-81-52-80-56-9-88-26-70-85-38-64-28
10,10,0.1,0.6,0.3,41,55979.69518033335,https://autarc.github.io/traveling-salesman-problem/#53-89-60-63-81-82-3-36-21-37-90-57-96-33-49-16-68-66-87-72-30-4-32-98-50-46-78-31-24-54-17-94-70-88-67-47-75-48-45-65-43-19-76-71-23-97-41-40-11-86-26-61-7-93-25-22-74-64-85-14-92-55-29-38-77-69-58-15-6-59-52-1-56-73-42-27-9-18-20-39-84-10-99-62-83-95-5-12-51-80-2-100-35-8-79-28-13-91-34-44
10,10,0.1,0.6,0.3,8,49317.80410207437,https://autarc.github.io/traveling-salesman-problem/#75-5-1-13-27-31-79-9-88-60-14-70-72-24-51-36-3-21-43-17-69-20-68-41-80-61-6-29-74-62-48-89-4-64-55-42-34-52-44-46-95-47-59-19-87-81-78-53-10-90-38-57-84-49-8-86-12-39-25-96-82-93-83-35-40-50-28-71-11-23-2-76-58-30-16-7-65-45-100-15-63-73-98-33-22-91-94-99-77-92-18-97-66-56-32-54-26-85-67-37
10,10,0.1,0.6,0.3,8,51140.08392476373,https://autarc.github.io/traveling-salesman-problem/#22-4-14-70-53-95-5-43-28-86-67-49-90-60-83-97-1-92-68-7-71-34-56-32-78-93-38-74-12-96-26-39-40-63-10-47-19-72-64-88-15-29-13-73-36-79-20-61-2-76-77-18-91-25-85-35-24-66-62-21-84-3-44-8-31-46-37-87-42-51-11-100-54-59-45-58-89-30-57-52-33-75-81-65-99-17-94-50-23-16-9-98-41-55-80-82-6-27-69-48
10,10,0.1,0.6,0.3,8,59433.00162094201,https://autarc.github.io/traveling-salesman-problem/#52-88-83-80-92-61-73-90-79-96-29-91-46-1-77-99-49-51-57-100-9-13-17-62-40-2-54-30-66-72-21-94-26-95-7-48-16-24-19-69-23-6-4-65-42-67-36-41-63-86-22-20-70-3-18-97-75-27-89-5-39-12-93-8-53-82-87-28-33-37-64-31-25-98-50-81-84-68-76-44-55-58-43-32-56-85-10-45-14-59-38-71-34-15-35-74-11-78-60-47
10,100,0.1,0.6,0.3,127,53799.07521659952,https://autarc.github.io/traveling-salesman-problem/#94-51-71-44-88-3-70-20-23-40-59-81-14-46-32-25-100-90-31-57-1-66-41-5-72-11-68-93-98-60-73-12-13-15-91-16-86-43-58-8-18-49-26-17-55-85-75-78-87-22-10-37-97-80-45-99-42-77-95-48-84-6-89-79-39-35-7-92-65-29-61-62-67-74-21-63-82-96-30-53-47-4-69-52-33-9-19-34-83-27-64-28-50-38-2-24-56-54-36-76
10,100,0.1,0.6,0.3,77,57624.90082519044,https://autarc.github.io/traveling-salesman-problem/#63-49-47-80-83-53-69-25-67-45-4-14-56-57-48-8-77-42-84-46-33-40-9-89-54-88-66-15-79-41-2-27-29-71-62-39-74-24-28-58-5-13-3-91-99-82-94-31-21-81-17-11-30-96-98-19-85-26-38-37-93-16-70-7-1-10-60-6-43-78-87-68-59-73-52-12-22-64-95-36-50-97-35-92-55-20-34-61-51-23-86-75-90-65-100-44-32-76-72-18
10,100,0.1,0.6,0.3,124,53135.69345410702,https://autarc.github.io/traveling-salesman-problem/#71-26-11-57-75-59-23-83-41-88-35-40-62-7-49-69-22-64-17-76-86-51-9-20-100-1-33-13-58-92-43-56-89-55-42-97-80-12-6-98-73-53-68-84-63-27-45-47-32-66-54-52-93-30-21-14-90-96-39-74-10-18-81-48-77-78-16-25-5-99-72-82-38-95-19-37-94-61-50-34-24-4-46-36-28-44-79-29-2-91-3-8-31-70-60-67-15-85-65-87
10,100,0.1,0.6,0.3,118,58396.32134075166,https://autarc.github.io/traveling-salesman-problem/#76-72-43-57-38-70-92-42-64-36-13-54-63-23-10-77-3-5-88-99-87-55-85-22-100-30-98-74-29-84-51-2-79-82-9-4-1-39-24-66-44-6-86-59-56-61-49-80-60-41-35-34-78-11-46-68-40-7-93-33-69-28-83-53-75-89-14-91-73-20-17-81-47-96-32-19-50-48-27-52-95-37-18-26-97-16-12-71-8-31-25-62-45-15-67-58-65-94-90-21
10,100,0.1,0.6,0.3,91,60346.859855202114,https://autarc.github.io/traveling-salesman-problem/#58-33-34-90-72-7-62-61-74-11-94-68-92-76-45-42-83-84-2-79-26-70-91-17-25-69-52-65-35-59-16-12-66-5-13-37-29-73-28-36-24-10-51-40-19-32-38-88-9-78-31-41-63-56-43-67-23-75-39-80-48-8-1-95-86-85-81-15-21-22-98-71-57-50-30-46-99-54-18-44-60-89-87-93-55-82-4-49-100-6-77-14-3-53-20-27-96-47-64-97
10,100,0.1,0.6,0.3,117,58673.56386500937,https://autarc.github.io/traveling-salesman-problem/#17-86-63-9-37-42-22-54-96-38-82-66-73-11-36-12-16-76-25-77-94-92-71-39-3-2-57-69-47-27-30-74-6-62-89-5-49-75-44-34-61-60-7-20-88-26-10-32-24-52-48-79-4-29-50-59-80-65-70-68-28-15-87-51-41-90-85-43-83-67-55-97-72-40-19-21-95-93-8-45-84-13-35-81-100-78-33-56-64-23-99-18-46-98-58-31-1-53-14-91
10,100,0.1,0.6,0.3,83,57929.700756408514,https://autarc.github.io/traveling-salesman-problem/#78-50-55-81-14-73-38-17-71-18-5-66-64-3-65-53-12-93-58-91-99-83-13-1-79-100-46-59-60-7-85-22-63-84-10-11-20-68-76-74-15-26-33-45-98-80-77-87-57-34-32-23-97-67-94-9-69-8-89-6-37-49-42-35-24-40-90-27-70-29-52-82-4-2-25-54-62-95-75-31-86-88-41-28-48-44-51-47-56-92-96-16-39-19-21-61-43-72-36-30
10,100,0.1,0.6,0.3,78,56033.278144828146,https://autarc.github.io/traveling-salesman-problem/#6-21-27-100-24-99-55-79-49-97-88-76-77-91-83-65-50-62-10-39-51-58-42-8-47-82-26-63-81-48-15-13-87-36-59-40-37-61-56-53-85-9-96-52-54-69-95-73-30-46-2-43-84-75-71-7-35-11-32-16-60-45-28-66-72-25-70-18-3-86-93-19-92-20-34-78-1-4-31-38-12-98-89-90-14-29-41-57-17-74-44-67-33-64-23-94-80-22-5-68
10,100,0.1,0.6,0.3,87,56246.67451189368,https://autarc.github.io/traveling-salesman-problem/#98-11-17-66-6-62-81-95-63-87-94-79-27-48-47-36-10-84-2-91-18-39-65-56-35-85-69-89-57-1-30-59-28-90-76-86-71-15-42-96-29-22-58-52-74-61-73-54-99-5-32-88-16-43-75-44-37-7-21-13-23-20-19-67-53-70-92-9-68-41-45-3-51-33-14-100-97-93-80-72-60-78-55-40-46-82-38-8-49-25-34-4-50-77-26-12-31-24-83-64
10,100,0.1,0.6,0.3,83,46967.48966668155,https://autarc.github.io/traveling-salesman-problem/#99-10-38-7-77-31-69-83-9-74-98-32-94-90-80-71-18-87-73-89-47-4-81-26-17-23-76-88-14-48-20-66-19-78-34-79-2-75-30-91-65-25-33-27-55-11-70-6-59-5-67-95-8-49-21-86-15-12-13-37-62-52-61-57-58-85-53-1-97-42-41-96-82-51-45-36-92-44-100-40-64-46-50-93-72-28-35-84-29-39-24-43-22-63-68-3-56-60-16-54
100,10,0.1,0.6,0.3,101,52167.62139732363,https://autarc.github.io/traveling-salesman-problem/#76-77-81-9-89-95-13-86-64-15-48-1-22-17-92-56-66-2-10-19-37-5-7-88-14-39-18-47-33-46-20-27-21-99-71-90-63-51-49-4-34-23-73-98-82-97-6-85-52-40-74-32-8-68-59-24-43-83-62-35-28-69-12-79-54-57-26-61-91-55-80-25-70-29-44-96-3-53-94-41-50-30-36-72-45-11-42-31-67-87-16-93-78-38-65-84-60-58-100-75
100,10,0.1,0.6,0.3,69,58109.7355294992,https://autarc.github.io/traveling-salesman-problem/#3-25-27-17-18-81-66-28-14-15-86-65-23-24-44-91-53-89-77-45-1-69-40-75-29-67-12-39-35-32-92-36-74-84-33-59-16-90-19-55-93-80-98-52-70-42-72-78-46-58-73-100-48-99-88-94-97-37-83-6-34-47-13-30-71-87-4-96-60-54-49-79-64-2-50-51-8-61-5-76-41-95-26-85-31-57-62-9-82-68-63-11-21-7-56-20-22-10-43-38
100,10,0.1,0.6,0.3,68,55609.14664533181,https://autarc.github.io/traveling-salesman-problem/#13-10-24-9-38-68-29-61-46-67-6-19-15-47-44-58-79-77-33-11-56-23-5-72-70-54-41-93-89-95-42-50-34-1-28-7-65-45-78-99-30-81-2-27-97-12-71-86-80-21-88-66-63-3-39-91-62-36-57-17-74-35-69-8-100-51-83-84-60-48-40-75-76-64-4-14-20-90-94-31-43-16-32-25-87-55-26-92-49-52-73-85-37-53-22-96-59-98-82-18
100,10,0.1,0.6,0.3,72,53925.38901600468,https://autarc.github.io/traveling-salesman-problem/#90-52-28-26-34-55-63-68-65-8-37-40-83-58-18-27-45-14-57-23-96-88-72-100-97-81-22-56-11-39-20-80-17-19-49-13-43-25-33-67-79-35-62-78-36-87-29-92-47-31-66-93-53-21-3-60-85-15-71-41-89-70-98-77-24-48-50-86-51-54-59-9-74-94-61-7-16-84-38-6-4-82-73-1-95-76-30-99-44-32-2-42-69-10-64-91-75-46-5-12
100,10,0.1,0.6,0.3,71,60386.509778710795,https://autarc.github.io/traveling-salesman-problem/#35-6-13-88-38-16-26-45-86-80-37-42-92-53-29-78-65-55-36-46-85-97-14-31-77-89-33-9-32-20-93-75-95-25-22-83-44-43-87-23-5-98-82-99-1-4-59-3-56-91-66-48-94-12-76-41-58-72-11-28-73-71-70-61-19-7-69-47-8-2-27-18-30-62-52-67-74-40-60-39-21-49-100-68-81-79-54-24-51-57-84-17-90-96-34-15-64-50-10-63
100,10,0.1,0.6,0.3,70,54731.922439347916,https://autarc.github.io/traveling-salesman-problem/#62-98-2-56-89-90-44-66-76-19-33-7-8-81-35-4-86-22-67-64-57-42-87-51-71-13-92-45-40-78-95-94-31-41-77-59-17-11-68-52-60-15-72-100-48-85-5-43-14-1-96-75-73-39-80-30-38-97-99-61-49-36-21-93-6-10-53-29-82-37-69-26-83-70-34-74-9-12-32-20-46-91-79-28-55-18-58-84-54-23-16-27-47-25-3-63-24-50-88-65
100,10,0.1,0.6,0.3,70,57393.77661960556,https://autarc.github.io/traveling-salesman-problem/#48-29-26-6-60-5-93-59-49-85-73-94-15-100-86-74-57-66-54-7-83-98-67-87-55-32-37-1-38-18-80-77-27-97-3-58-82-64-89-40-61-9-62-92-46-23-43-63-72-81-35-84-68-52-17-99-28-95-14-39-24-70-90-45-36-11-4-12-71-22-13-33-53-34-88-75-31-10-50-20-56-42-65-79-96-16-8-2-47-30-44-41-21-76-51-19-78-69-25-91
100,10,0.1,0.6,0.3,69,54213.061908919364,https://autarc.github.io/traveling-salesman-problem/#29-74-83-79-46-10-52-1-78-12-42-26-58-87-49-48-28-97-22-73-64-8-4-47-9-96-53-76-23-92-63-86-50-72-15-14-34-71-84-85-77-93-32-68-21-100-44-2-7-36-54-99-19-55-25-98-70-91-41-95-81-57-88-33-67-37-17-60-61-62-66-94-59-65-5-39-89-82-16-35-27-80-38-11-90-24-45-40-43-3-6-51-30-75-18-56-20-13-69-31
100,10,0.1,0.6,0.3,68,57067.574194421744,https://autarc.github.io/traveling-salesman-problem/#79-100-78-45-17-94-76-82-16-19-46-77-44-26-28-31-32-62-18-23-36-42-1-61-21-80-37-5-35-24-50-69-75-72-27-58-41-70-33-96-71-73-60-93-4-30-84-66-59-86-56-52-48-54-81-47-43-29-14-2-22-97-65-40-55-67-6-68-95-34-49-9-39-99-90-38-74-7-92-57-25-3-10-51-83-15-91-53-88-20-8-85-11-89-98-63-12-87-13-64
100,10,0.1,0.6,0.3,69,56253.6992636457,https://autarc.github.io/traveling-salesman-problem/#65-85-64-51-96-60-84-24-72-2-99-74-53-23-66-52-3-26-33-36-54-12-14-76-28-91-9-68-7-77-87-70-62-44-13-59-34-22-82-27-50-47-17-88-1-39-35-38-16-97-55-15-6-73-32-92-75-20-98-56-61-11-46-31-43-37-45-69-19-100-71-58-30-40-67-25-83-18-90-78-48-93-21-29-5-42-41-8-79-80-49-95-86-4-63-10-89-94-57-81
100,100,0.1,0.6,0.3,751,54497.51934998982,https://autarc.github.io/traveling-salesman-problem/#64-43-25-87-2-52-90-29-78-36-27-56-59-38-30-71-85-72-57-91-74-26-44-21-63-24-37-40-97-55-98-28-73-19-17-89-92-96-39-16-69-79-82-76-22-3-60-61-100-62-53-81-86-94-13-58-41-1-67-15-33-12-20-51-70-10-31-50-42-83-18-9-45-49-35-23-32-7-95-88-80-65-5-6-68-99-66-4-46-8-14-93-47-77-54-48-75-34-84-11
100,100,0.1,0.6,0.3,741,58093.798619312176,https://autarc.github.io/traveling-salesman-problem/#13-20-43-19-69-32-9-49-93-18-54-8-58-60-7-87-70-77-65-94-30-98-15-74-57-1-5-89-63-11-25-45-85-17-34-53-4-14-56-81-64-35-6-73-46-80-59-51-16-97-27-82-36-52-92-76-41-42-28-88-96-61-40-39-79-2-84-78-90-48-21-67-38-29-86-68-31-83-66-44-47-75-95-22-99-26-37-23-72-10-33-62-3-100-12-24-71-55-91-50
100,100,0.1,0.6,0.3,739,53966.00109417385,https://autarc.github.io/traveling-salesman-problem/#45-31-49-62-14-66-50-56-38-57-78-18-91-95-76-19-13-20-84-26-36-1-59-58-16-93-80-28-5-100-97-24-67-42-4-81-54-73-79-52-48-12-51-47-64-7-3-29-96-30-27-86-88-72-71-22-43-17-2-74-82-99-63-35-11-15-94-75-21-41-40-44-33-9-34-89-55-69-37-90-8-46-70-53-92-85-61-60-23-77-6-25-98-10-87-65-39-68-83-32
100,100,0.1,0.6,0.3,731,57872.944302178366,https://autarc.github.io/traveling-salesman-problem/#18-49-8-29-93-85-72-98-97-100-75-32-51-73-63-26-16-27-79-83-59-65-20-64-44-91-10-94-56-74-3-76-21-46-39-9-67-80-17-2-52-4-86-89-84-35-25-58-6-36-96-41-31-22-57-61-34-47-68-11-42-66-28-12-7-70-40-33-62-5-19-54-78-81-15-88-23-71-14-24-92-82-37-48-77-55-90-95-60-43-99-50-13-38-30-45-69-1-87-53
100,100,0.1,0.6,0.3,744,56137.53321516053,https://autarc.github.io/traveling-salesman-problem/#4-31-38-9-3-54-83-77-78-92-69-82-15-59-63-24-84-6-58-43-33-57-51-99-19-87-74-12-7-21-48-72-65-14-36-96-2-66-70-42-49-62-81-47-20-27-55-11-35-95-50-61-67-22-94-28-79-29-8-40-17-39-5-80-45-23-13-97-76-44-10-25-75-90-93-34-18-30-91-16-68-85-46-98-100-52-32-60-89-71-53-41-64-88-56-26-86-1-37-73
100,100,0.1,0.6,0.3,737,53336.62251048797,https://autarc.github.io/traveling-salesman-problem/#32-31-10-53-59-29-62-24-61-93-38-34-17-41-94-98-5-54-13-50-12-75-81-7-35-44-58-77-42-25-100-39-43-78-20-48-85-51-45-63-60-3-37-8-86-15-4-14-18-71-84-57-83-88-92-87-6-82-56-73-33-96-2-68-74-91-21-90-19-30-89-22-69-79-65-55-1-9-11-95-97-16-40-67-27-80-70-23-46-66-49-52-47-36-26-28-76-64-99-72
100,100,0.1,0.6,0.3,1074,55882.35408653557,https://autarc.github.io/traveling-salesman-problem/#7-88-99-77-12-42-76-14-82-72-3-66-78-58-45-74-36-20-37-79-23-19-50-61-29-28-70-53-59-64-90-51-86-5-92-13-47-46-34-4-8-1-6-60-27-100-87-65-91-95-75-18-9-33-56-24-89-67-54-32-22-52-57-69-48-93-40-71-25-38-62-15-31-17-43-35-21-11-98-55-96-63-68-39-94-44-30-26-2-97-83-81-84-73-80-10-85-16-49-41
100,100,0.1,0.6,0.3,1074,53284.78235912198,https://autarc.github.io/traveling-salesman-problem/#97-42-96-71-22-51-11-30-93-41-56-15-17-16-69-44-83-32-46-52-24-10-18-60-80-92-94-14-48-45-13-6-66-20-64-79-31-3-59-29-78-75-65-77-7-40-100-1-82-49-89-67-85-4-8-23-5-87-99-27-61-39-25-70-38-54-50-72-62-63-47-81-37-58-9-76-2-33-84-98-35-26-43-73-34-55-86-28-12-36-19-95-57-74-53-91-90-68-88-21
100,100,0.1,0.6,0.3,1014,56177.920889017056,https://autarc.github.io/traveling-salesman-problem/#34-61-58-62-30-81-64-79-82-91-80-27-40-85-28-35-48-15-88-93-46-73-92-60-78-19-38-71-54-5-97-67-17-36-18-2-14-63-52-1-31-94-72-39-16-13-69-33-24-29-4-100-25-95-10-65-20-26-47-21-22-87-12-55-77-75-53-3-84-57-23-6-66-9-49-51-86-99-50-11-44-7-70-96-74-37-83-76-8-98-59-41-43-68-32-45-56-90-89-42
100,100,0.1,0.6,0.3,744,57281.41849155087,https://autarc.github.io/traveling-salesman-problem/#36-46-81-63-56-89-37-65-12-84-55-14-10-72-32-82-45-71-5-43-91-87-98-2-6-4-97-15-74-38-39-68-9-58-57-44-42-3-90-8-20-22-28-21-64-33-53-92-66-60-18-29-86-41-100-61-27-24-69-59-51-76-30-1-34-70-99-19-47-49-48-79-88-50-16-31-96-73-23-94-80-26-95-83-77-85-78-13-17-35-67-40-52-54-11-93-25-7-75-62
1000,10,0.1,0.6,0.3,682,56473.8659222764,https://autarc.github.io/traveling-salesman-problem/#50-91-42-73-24-86-61-17-7-19-82-64-74-57-53-65-15-30-5-27-43-52-23-92-32-87-22-93-75-94-67-1-20-97-6-35-71-96-54-39-28-69-45-99-100-77-25-16-81-33-13-55-95-62-63-4-79-76-59-66-11-85-60-26-29-48-58-18-44-40-78-72-56-3-12-10-37-9-31-8-34-41-88-89-84-2-36-70-68-83-98-90-47-51-46-38-80-21-49-14
1000,10,0.1,0.6,0.3,689,60660.94473918097,https://autarc.github.io/traveling-salesman-problem/#31-100-80-64-87-49-74-86-75-96-70-6-33-82-23-53-21-9-97-45-17-43-2-4-62-38-35-3-72-84-29-88-77-93-5-58-52-28-27-18-10-40-46-69-20-7-83-95-1-91-37-15-81-94-48-14-25-57-13-56-55-66-39-68-78-60-98-79-34-92-67-71-24-36-32-85-12-11-76-65-99-16-51-73-44-19-61-54-90-89-30-50-41-26-22-63-59-42-8-47
1000,10,0.1,0.6,0.3,676,58854.27934499005,https://autarc.github.io/traveling-salesman-problem/#54-96-10-75-9-80-38-73-27-61-35-70-56-5-44-77-72-83-55-13-11-57-74-47-78-94-62-30-1-32-51-24-41-26-22-8-53-23-18-28-87-95-21-91-45-69-34-50-64-46-6-39-3-79-68-29-4-16-89-86-90-98-82-88-49-60-7-40-25-66-14-99-2-65-59-42-67-100-71-31-36-48-84-52-63-43-12-37-97-33-81-17-19-76-93-15-20-58-92-85
1000,10,0.1,0.6,0.3,1001,59259.54460212346,https://autarc.github.io/traveling-salesman-problem/#2-17-59-65-29-27-14-89-85-35-54-72-70-13-50-83-58-91-30-79-38-40-78-31-76-73-41-95-3-64-32-26-16-60-46-67-94-28-4-45-55-51-98-25-74-6-62-5-7-97-9-24-52-8-34-48-96-12-33-18-81-63-15-19-1-37-99-71-22-57-53-10-80-100-86-82-87-75-42-23-49-11-20-44-66-69-77-90-39-84-43-92-68-93-21-36-61-88-47-56
1000,10,0.1,0.6,0.3,680,56445.772209327166,https://autarc.github.io/traveling-salesman-problem/#98-51-29-26-96-9-74-39-54-17-21-94-79-23-43-78-50-59-81-36-25-85-52-27-8-13-56-53-5-44-91-14-1-67-28-16-38-99-40-24-48-75-83-33-97-41-31-72-100-58-12-65-11-22-20-61-71-90-77-4-37-42-57-92-32-95-19-18-2-49-62-10-47-87-35-84-88-68-86-73-82-30-45-55-76-64-3-6-69-89-63-60-34-80-70-66-15-46-93-7
1000,10,0.1,0.6,0.3,997,55874.397981558286,https://autarc.github.io/traveling-salesman-problem/#76-89-70-74-67-84-33-97-81-73-40-4-8-27-20-83-34-5-98-63-55-100-46-2-22-72-68-82-14-48-95-12-10-60-26-69-77-85-79-86-32-11-18-23-51-24-57-44-3-43-9-58-6-94-90-35-54-36-78-1-96-53-45-62-13-56-42-17-49-38-37-64-80-25-39-93-47-88-66-41-59-61-71-19-50-87-99-28-92-21-91-65-7-31-30-75-15-52-16-29
1000,10,0.1,0.6,0.3,1007,55484.81418361303,https://autarc.github.io/traveling-salesman-problem/#46-67-22-2-10-59-55-12-82-81-7-37-8-3-90-49-72-84-44-13-17-86-56-48-60-20-24-1-35-66-28-95-83-5-53-40-73-77-58-11-50-54-14-74-38-47-88-78-19-97-21-45-100-41-39-57-16-15-94-69-87-52-85-91-62-6-98-32-25-76-42-75-71-9-63-92-23-26-79-89-64-99-43-80-30-51-27-68-29-93-18-34-33-61-70-31-96-65-36-4
1000,10,0.1,0.6,0.3,995,54919.532018498765,https://autarc.github.io/traveling-salesman-problem/#62-91-27-5-14-17-90-6-50-69-58-59-35-81-30-48-73-52-54-28-89-85-9-33-45-66-88-29-76-44-99-68-16-32-39-4-3-31-34-43-22-93-21-82-60-38-15-25-36-49-47-87-80-53-97-83-56-7-42-12-71-72-2-13-51-96-63-95-40-84-10-92-18-8-23-78-61-86-64-26-74-67-37-70-100-98-1-94-19-41-57-20-24-65-79-77-55-11-46-75
1000,10,0.1,0.6,0.3,999,53168.75065475047,https://autarc.github.io/traveling-salesman-problem/#82-56-36-20-21-12-68-49-37-53-39-2-38-88-57-55-7-77-70-86-13-93-90-1-62-54-65-11-67-61-50-40-30-51-59-99-42-79-71-22-60-32-85-75-98-6-17-10-26-96-73-83-15-97-58-41-84-19-69-43-81-80-23-16-87-46-47-18-24-45-92-33-35-89-4-3-94-64-63-44-66-31-27-8-14-91-72-48-28-9-25-95-78-52-29-100-74-34-5-76
1000,10,0.1,0.6,0.3,997,58329.59172806265,https://autarc.github.io/traveling-salesman-problem/#96-10-29-78-100-56-4-77-87-75-62-72-21-55-49-40-24-20-80-64-44-42-86-79-45-50-19-73-13-51-31-18-38-67-63-39-22-74-89-17-43-83-60-90-33-46-11-98-8-28-7-54-58-94-85-37-30-59-95-47-23-27-57-25-35-34-84-82-70-68-36-9-81-76-97-15-93-3-53-41-66-61-52-69-16-71-65-99-1-2-32-5-91-6-14-26-92-12-88-48
1000,100,0.1,0.6,0.3,7627,53762.271006712064,https://autarc.github.io/traveling-salesman-problem/#16-59-83-19-77-78-34-85-70-58-42-99-31-9-52-60-90-82-47-67-37-55-74-12-30-17-11-100-6-2-41-5-36-33-46-21-62-43-61-14-45-95-75-39-7-3-92-18-44-38-49-13-63-80-86-73-76-23-89-71-72-66-94-4-48-68-50-87-69-81-26-64-1-93-54-15-65-24-25-53-91-57-84-51-22-20-56-79-97-27-29-98-28-40-35-10-32-96-8-88
1000,100,0.1,0.6,0.3,7675,55003.784989920445,https://autarc.github.io/traveling-salesman-problem/#87-48-70-12-71-2-63-62-32-88-29-75-14-34-56-80-30-19-27-67-40-54-96-37-6-92-73-60-33-23-100-65-9-76-77-18-61-22-57-90-13-26-91-66-25-74-53-72-17-4-41-8-64-11-35-49-1-68-20-84-83-52-42-89-55-99-45-5-46-58-50-38-39-24-51-95-7-93-59-31-97-43-79-86-28-44-94-69-16-21-15-3-78-47-36-82-81-10-85-98
1000,100,0.1,0.6,0.3,7558,51822.0849419418,https://autarc.github.io/traveling-salesman-problem/#83-25-57-47-85-71-64-53-9-28-93-91-6-51-37-95-11-97-60-63-99-82-24-18-12-38-56-52-15-79-88-76-50-2-29-74-5-86-40-10-100-30-4-48-61-31-67-87-36-78-45-44-94-68-49-81-27-39-41-69-32-73-26-65-7-84-42-35-3-70-46-20-92-96-89-8-23-16-13-17-90-22-59-19-55-77-58-66-72-14-62-98-54-80-43-33-34-75-21-1
1000,100,0.1,0.6,0.3,7273,55803.191846860565,https://autarc.github.io/traveling-salesman-problem/#98-100-77-97-88-15-93-65-50-42-25-4-48-60-12-58-51-11-53-6-31-44-29-22-45-18-43-92-68-34-46-89-62-9-7-1-28-19-56-81-69-90-83-21-2-36-61-67-10-3-38-16-70-96-47-5-30-80-37-26-49-27-76-79-57-13-41-84-74-86-73-82-64-72-54-95-35-59-14-91-63-8-23-20-24-52-75-40-32-39-66-94-85-55-78-87-17-71-99-33
1000,100,0.1,0.6,0.3,7288,48593.58746353349,https://autarc.github.io/traveling-salesman-problem/#97-46-71-75-47-83-51-11-76-3-26-79-5-4-78-82-70-53-98-6-36-41-69-17-30-95-84-28-77-86-9-65-18-99-59-67-49-21-66-74-23-50-19-12-15-68-22-32-45-100-90-33-34-92-35-24-39-58-29-57-37-48-42-55-40-2-94-31-93-61-16-64-1-60-14-38-63-80-72-43-27-89-85-87-8-7-13-20-10-73-44-25-81-91-56-96-52-88-54-62
1000,100,0.1,0.6,0.3,7508,58292.676238884495,https://autarc.github.io/traveling-salesman-problem/#23-85-43-99-15-18-44-7-10-51-6-39-72-81-36-60-12-21-65-54-1-26-86-4-90-46-88-66-70-47-79-50-14-82-73-45-38-3-13-2-78-53-69-96-37-40-100-42-94-87-28-34-95-80-75-49-84-55-91-76-71-25-31-32-56-52-58-77-62-68-59-61-97-24-98-63-29-19-11-67-33-9-41-74-20-92-16-57-89-22-93-48-30-5-27-17-35-83-64-8
1000,100,0.1,0.6,0.3,7426,57151.20401393829,https://autarc.github.io/traveling-salesman-problem/#17-91-41-81-36-88-72-56-16-92-53-49-1-93-30-22-44-13-98-14-77-83-38-42-19-50-40-59-90-76-23-43-65-87-28-20-68-10-75-51-74-70-47-7-61-97-2-48-32-95-57-62-27-69-26-96-66-45-86-52-18-60-39-5-34-79-12-24-11-15-35-80-94-71-99-37-3-58-9-84-54-89-29-78-33-46-82-8-85-55-73-64-63-31-100-6-21-25-67-4
1000,100,0.1,0.6,0.3,7384,52225.013176852146,https://autarc.github.io/traveling-salesman-problem/#98-94-10-14-81-93-83-45-73-8-66-56-76-52-80-25-40-33-29-48-6-16-91-2-41-53-61-84-19-35-23-60-36-59-51-13-82-42-39-55-43-96-72-28-95-69-90-31-86-32-79-89-3-5-58-63-21-47-77-4-88-75-64-99-38-46-22-68-62-9-70-65-71-49-30-37-24-18-85-78-34-15-17-57-11-67-54-20-100-97-12-7-87-26-74-92-27-50-1-44
1000,100,0.1,0.6,0.3,7601,51911.95074180364,https://autarc.github.io/traveling-salesman-problem/#68-25-56-50-76-84-93-86-54-9-17-4-37-69-87-8-12-94-39-41-53-19-88-74-60-51-40-81-31-44-45-70-96-58-21-97-38-61-36-83-85-46-62-75-20-72-11-22-18-2-63-42-55-90-34-100-30-43-32-1-48-6-71-29-5-91-73-77-28-7-79-15-33-16-14-24-98-35-82-66-47-10-89-67-23-59-65-49-13-57-92-78-64-99-80-95-26-27-3-52
1000,100,0.1,0.6,0.3,8294,54694.14148572565,https://autarc.github.io/traveling-salesman-problem/#60-77-84-53-24-93-69-52-12-56-54-2-20-51-87-74-86-21-58-32-76-34-17-41-44-48-29-89-5-6-99-67-1-39-42-90-47-3-59-28-31-33-40-61-7-70-19-50-62-49-64-66-80-95-14-75-37-10-83-23-4-30-57-65-88-36-25-8-85-92-22-9-79-72-73-82-18-96-100-91-45-38-71-27-81-15-55-26-46-16-11-68-13-94-98-43-63-97-78-35
1000,100,0.2,0.5,0.3,10096,54465.79011705641,https://autarc.github.io/traveling-salesman-problem/#52-39-88-77-95-23-51-62-18-25-29-46-31-11-28-92-19-86-97-48-85-65-71-94-74-33-43-69-89-40-21-73-7-16-13-67-70-20-83-44-35-64-78-72-57-26-8-75-41-87-63-42-10-80-96-49-4-2-38-59-15-99-30-76-24-66-22-17-54-14-53-55-61-58-37-68-1-12-27-5-34-60-84-32-100-82-6-56-81-79-9-98-47-91-50-36-90-45-3-93
1000,100,0.2,0.4,0.4,6306,54324.053586348826,https://autarc.github.io/traveling-salesman-problem/#89-7-71-82-10-49-16-30-4-6-25-91-86-57-60-95-68-36-52-39-8-24-79-53-15-69-92-5-96-41-72-40-28-51-45-35-46-18-9-55-17-12-74-75-88-81-13-80-84-33-93-77-2-32-83-90-78-54-65-31-19-58-62-3-67-14-11-42-70-97-61-59-66-94-98-63-56-20-1-87-64-99-85-38-73-44-23-21-22-43-47-76-27-37-26-34-29-50-100-48
1000,100,0.1,0.7,0.2,7779,54140.212404705286,https://autarc.github.io/traveling-salesman-problem/#88-2-77-46-56-84-54-63-19-32-47-96-27-94-73-66-90-53-16-42-48-64-35-12-89-95-67-70-11-10-15-49-51-7-93-26-52-100-45-98-31-92-36-3-34-38-25-99-23-76-68-6-37-29-85-58-18-5-9-91-40-72-14-79-59-33-21-44-81-71-55-86-17-50-78-28-80-75-20-60-22-74-1-62-8-83-61-13-43-57-65-41-97-39-82-4-30-69-87-24
1000,100,0.1,0.7,0.2,7777,57318.47879576501,https://autarc.github.io/traveling-salesman-problem/#41-100-95-55-37-40-76-97-53-70-50-61-43-1-6-56-8-19-25-28-68-66-90-91-71-87-62-64-14-7-23-73-65-72-10-63-81-31-48-45-33-79-67-78-93-69-88-80-54-85-12-20-22-74-38-26-16-39-17-84-89-47-35-49-34-21-30-96-52-9-3-94-82-29-36-15-13-44-98-11-75-86-27-2-92-59-58-42-46-83-5-51-18-24-32-77-57-60-99-4
1000,100,0.1,0.7,0.2,10998,52947.003382050374,https://autarc.github.io/traveling-salesman-problem/#90-63-12-71-3-100-39-18-79-98-55-22-62-72-58-6-2-13-87-74-81-27-85-9-28-53-61-47-19-16-92-24-43-75-35-32-38-21-33-14-99-7-76-36-77-86-31-56-80-68-11-10-94-44-70-46-17-95-1-89-23-93-57-54-26-67-97-45-78-4-66-34-91-84-82-96-73-49-40-69-52-88-42-37-48-15-41-20-25-64-8-60-65-50-59-29-83-51-5-30
1000,100,0.1,0.7,0.2,7821,52959.90696173,https://autarc.github.io/traveling-salesman-problem/#44-6-27-41-78-64-19-82-8-47-85-37-5-61-59-42-7-62-17-53-43-84-23-50-4-29-71-11-36-100-10-38-94-72-55-25-24-87-88-66-76-32-75-93-14-68-81-35-77-20-16-33-95-98-79-2-52-67-73-70-96-46-13-9-45-49-31-1-51-40-92-34-15-57-89-21-26-63-97-54-12-48-69-86-22-3-28-65-39-90-91-18-56-99-83-60-74-30-80-58
1000,100,0.1,0.7,0.2,8022,57179.844369311446,https://autarc.github.io/traveling-salesman-problem/#71-42-23-67-17-31-70-91-95-78-59-72-96-90-87-74-6-19-25-80-20-34-61-47-77-92-48-5-82-21-2-76-97-45-69-75-85-33-30-24-29-63-1-54-89-41-16-60-66-46-11-83-53-37-14-88-38-51-84-86-15-57-50-100-58-12-22-13-55-52-81-4-3-43-9-65-8-99-68-36-28-39-10-26-98-79-27-18-56-40-7-94-32-64-35-62-49-73-93-44
1000,100,0.1,0.7,0.2,7833,60746.653782980036,https://autarc.github.io/traveling-salesman-problem/#2-13-67-7-58-46-96-11-72-31-9-66-80-71-32-90-98-63-33-5-24-50-57-39-82-25-97-53-45-27-99-47-10-48-70-22-94-83-64-79-23-21-75-30-40-91-93-37-60-4-17-44-26-51-85-56-65-34-54-73-62-52-68-28-8-88-61-41-76-15-43-95-59-74-38-84-87-49-18-20-12-55-92-29-69-86-100-16-1-19-81-6-89-78-36-35-14-77-42-3
1000,100,0.2,0.5,0.3,7322,56482.79632801943,https://autarc.github.io/traveling-salesman-problem/#68-49-44-41-57-15-33-86-24-77-19-34-31-36-18-54-42-99-87-21-22-62-47-74-80-50-40-43-30-10-27-93-92-100-1-84-38-20-46-64-16-97-85-69-28-96-61-73-6-12-89-91-78-25-48-67-7-26-63-9-8-95-11-66-81-83-35-17-59-37-3-90-32-60-72-76-98-56-52-75-71-82-45-4-5-51-79-29-88-58-2-13-65-23-14-53-70-39-94-55
1000,100,0.2,0.5,0.3,10694,56725.773195482194,https://autarc.github.io/traveling-salesman-problem/#67-81-27-47-45-73-56-72-34-17-31-76-92-99-2-32-94-21-22-59-75-25-50-98-87-70-30-43-84-61-64-15-65-91-14-51-69-86-97-74-89-5-66-36-82-88-33-26-3-41-8-18-19-29-28-85-52-83-49-54-20-96-57-6-63-16-10-44-46-4-55-60-58-68-80-24-9-95-100-77-39-37-62-78-38-53-11-71-12-13-48-42-79-35-7-90-40-93-1-23
1000,100,0.2,0.5,0.3,7174,57836.545058738186,https://autarc.github.io/traveling-salesman-problem/#33-18-5-37-91-60-19-25-61-92-1-99-58-36-70-56-64-57-74-69-98-62-27-10-47-83-13-31-46-94-65-93-63-3-87-96-8-89-90-16-45-68-21-17-12-75-11-22-38-86-44-81-80-39-48-51-76-34-2-67-53-24-100-32-52-9-14-55-30-97-82-29-7-84-50-41-88-79-77-95-26-35-54-85-40-20-66-6-59-71-73-49-72-28-23-43-15-42-78-4
1000,100,0.2,0.5,0.3,7171,56135.92048347894,https://autarc.github.io/traveling-salesman-problem/#81-35-16-30-100-6-72-36-23-73-82-11-9-38-34-8-76-18-31-57-75-25-87-66-14-95-64-77-93-29-99-52-90-53-15-19-50-60-1-69-40-12-33-80-37-51-48-83-4-78-22-86-26-32-28-74-56-21-27-13-97-47-94-89-54-61-20-5-58-98-84-7-68-70-85-59-62-24-63-46-43-39-92-2-41-55-91-65-79-67-10-96-45-42-17-71-3-44-88-49
1000,100,0.2,0.5,0.3,7148,53191.473404370874,https://autarc.github.io/traveling-salesman-problem/#23-36-51-53-38-39-91-7-90-75-65-71-98-42-96-25-69-12-41-19-81-74-17-77-3-44-68-29-57-72-15-66-58-50-56-84-55-73-30-5-2-32-47-18-83-54-64-94-49-34-40-92-10-97-1-63-52-28-22-89-95-13-85-87-11-24-16-45-82-88-86-61-8-31-60-76-100-35-37-93-48-80-79-70-27-26-43-78-9-67-20-46-62-6-33-14-99-59-4-21
1000,100,0.2,0.5,0.3,7920,52701.79153728761,https://autarc.github.io/traveling-salesman-problem/#6-66-33-99-82-1-68-44-32-83-91-30-47-92-11-81-4-5-27-77-72-54-48-71-63-43-65-29-74-88-89-76-13-96-85-56-70-7-58-26-49-64-17-59-40-98-10-12-93-80-69-46-62-21-36-95-100-16-60-9-45-86-52-24-2-15-53-84-20-90-31-23-37-50-73-51-97-67-19-35-41-28-79-22-55-39-78-42-8-57-38-94-25-3-18-34-61-75-87-14
1000,100,0.2,0.5,0.3,7167,52940.5795744254,https://autarc.github.io/traveling-salesman-problem/#48-15-53-3-6-5-23-100-97-38-91-59-51-79-56-42-90-65-96-61-66-47-32-84-76-35-92-2-14-55-89-98-20-75-80-16-83-33-39-40-86-43-60-17-72-8-85-67-95-11-41-4-27-36-71-74-54-30-62-13-7-24-63-34-77-37-68-45-29-31-50-46-10-99-22-94-57-44-1-19-88-26-28-69-52-64-25-9-81-49-58-21-12-70-82-78-73-93-87-18
1000,100,0.2,0.5,0.3,7155,59136.24886352449,https://autarc.github.io/traveling-salesman-problem/#94-26-100-78-42-3-13-96-97-92-36-22-58-20-63-98-71-54-23-29-11-53-61-91-99-46-51-30-43-86-38-8-39-44-15-93-21-14-49-84-75-70-59-48-55-73-90-31-47-87-1-89-56-37-24-67-69-9-41-10-68-35-64-34-77-79-45-7-19-25-32-17-52-28-72-85-83-33-76-65-12-18-6-66-2-60-62-50-40-27-95-82-88-4-74-80-57-5-16-81
1000,100,0.3,0.5,0.2,11145,54213.47441476189,https://autarc.github.io/traveling-salesman-problem/#65-39-7-9-79-4-10-48-33-89-34-41-69-16-45-66-20-8-82-97-73-58-83-31-3-91-12-36-5-19-11-76-56-25-75-60-23-68-92-98-78-26-64-21-59-24-88-13-49-95-46-28-57-74-70-15-71-77-94-67-84-2-47-63-61-93-29-55-32-35-22-50-99-100-40-18-85-17-72-51-52-42-6-37-44-30-81-96-54-53-62-38-1-90-14-87-80-86-43-27
1000,100,0.3,0.5,0.2,7425,57101.87453722928,https://autarc.github.io/traveling-salesman-problem/#72-6-8-80-48-99-25-24-68-85-56-58-82-27-64-84-74-77-52-42-96-87-94-39-83-70-21-37-44-67-30-46-55-35-98-90-28-40-36-7-62-29-76-43-38-41-13-88-73-91-93-79-31-9-47-75-10-34-14-15-3-5-22-92-59-32-16-100-18-45-71-33-11-69-63-57-26-4-97-95-23-65-81-89-51-54-2-78-12-61-86-17-20-50-49-53-19-60-1-66
1000,100,0.3,0.5,0.2,7708,56152.04209127941,https://autarc.github.io/traveling-salesman-problem/#53-17-60-100-64-48-44-9-74-7-34-36-16-28-79-12-15-22-20-31-67-82-57-98-8-27-30-32-1-85-77-73-78-42-69-55-97-47-37-52-62-26-2-99-3-80-43-18-51-88-33-65-14-89-24-95-96-23-66-90-29-54-38-81-83-86-13-87-49-63-56-76-40-50-45-91-5-68-94-59-4-92-25-72-58-75-93-70-61-84-46-39-71-6-41-11-10-21-19-35
1000,100,0.3,0.5,0.2,7440,50735.91603652804,https://autarc.github.io/traveling-salesman-problem/#96-12-88-26-94-93-32-30-16-22-47-65-11-79-78-57-75-77-39-70-34-45-89-31-25-29-20-9-85-15-41-72-3-17-23-99-60-43-7-84-13-55-92-2-62-67-18-73-19-52-44-71-36-4-63-56-10-80-40-51-87-42-64-82-46-5-33-27-54-74-50-69-6-59-81-48-8-91-35-100-1-14-97-68-38-21-53-86-49-76-37-24-83-90-61-95-66-58-28-98
1000,100,0.3,0.5,0.2,7530,53589.055427816915,https://autarc.github.io/traveling-salesman-problem/#32-13-89-85-37-22-24-7-70-99-93-18-45-71-59-62-29-64-65-72-91-41-8-97-77-90-9-56-100-44-51-88-61-35-73-76-74-50-63-48-79-98-27-96-42-46-15-30-1-84-31-43-49-14-4-38-25-66-12-40-57-53-54-33-78-68-83-67-47-39-6-11-19-17-80-10-28-81-36-3-26-82-75-52-20-5-34-92-2-23-16-95-58-21-86-69-87-60-94-55
1000,100,0.3,0.5,0.2,7772,52952.153726779994,https://autarc.github.io/traveling-salesman-problem/#31-63-60-71-61-38-77-89-41-99-94-40-27-72-19-6-73-34-86-45-8-98-37-58-53-85-23-9-59-91-2-87-68-5-21-74-100-69-88-49-33-24-97-78-32-82-12-39-57-15-62-3-56-17-54-65-67-79-92-14-76-95-29-35-7-10-13-25-90-18-51-80-36-81-28-42-22-30-55-64-70-52-11-20-96-4-48-1-93-43-46-26-84-44-83-66-50-16-47-75
1000,100,0.3,0.5,0.2,7393,50672.60881413756,https://autarc.github.io/traveling-salesman-problem/#45-58-2-3-60-67-69-21-4-52-62-72-38-79-87-29-93-82-65-42-85-74-90-75-26-98-51-61-25-55-70-95-19-20-96-46-97-7-34-13-31-54-56-24-71-14-9-5-39-100-76-64-32-57-15-47-6-89-17-43-86-18-48-99-33-12-36-1-63-77-27-91-53-83-80-59-23-35-8-22-44-41-10-68-66-81-92-73-37-78-40-16-30-28-11-49-50-84-94-88
1000,100,0.3,0.5,0.2,7379,57162.7144464491,https://autarc.github.io/traveling-salesman-problem/#75-90-72-69-28-97-98-50-42-77-85-40-55-7-21-29-99-27-66-11-80-32-24-88-76-63-82-47-52-36-3-93-64-59-91-95-31-1-37-100-26-70-18-5-22-6-83-8-67-62-73-53-89-86-16-96-65-81-51-38-23-56-34-19-58-57-2-44-43-79-71-78-94-68-87-45-14-9-48-74-25-30-35-54-41-46-10-49-15-84-20-4-60-39-17-13-92-12-61-33
1000,100,0.3,0.5,0.2,7384,58634.794783584315,https://autarc.github.io/traveling-salesman-problem/#82-39-97-65-78-20-77-87-70-88-75-51-73-59-63-76-62-95-19-55-13-48-43-23-67-24-22-30-68-29-28-60-2-3-79-46-32-53-100-91-31-85-6-93-16-41-83-37-14-89-18-17-11-90-38-71-9-80-52-36-42-57-74-84-49-56-35-96-47-40-69-92-64-54-21-27-50-81-58-72-34-66-26-8-98-99-5-1-25-33-44-10-94-7-61-86-15-12-4-45
1000,100,0.3,0.5,0.2,7416,55684.590057243266,https://autarc.github.io/traveling-salesman-problem/#67-80-76-37-26-93-1-6-5-24-34-18-97-2-72-89-25-47-44-29-20-14-38-42-46-33-40-50-74-66-53-30-41-22-61-10-7-60-39-84-59-81-49-78-83-48-32-100-17-87-91-27-68-99-57-96-19-94-85-11-3-73-56-95-36-79-77-65-23-55-92-86-45-51-64-43-71-58-12-13-9-21-54-62-31-82-90-75-28-8-16-15-69-63-52-70-4-98-35-88
1000,100,0.4,0.5,0.1,7382,57861.315813461006,https://autarc.github.io/traveling-salesman-problem/#81-14-43-82-37-70-58-52-91-30-80-89-75-42-63-18-68-46-87-84-19-92-61-24-96-56-49-95-67-48-100-72-15-9-94-11-3-16-77-79-29-74-57-34-36-98-27-76-97-66-44-21-12-35-65-31-51-2-78-47-23-83-88-64-38-99-1-59-25-54-73-4-53-71-41-39-26-20-55-22-60-69-32-6-13-8-7-86-17-85-28-5-10-90-93-50-40-62-45-33
1000,100,0.4,0.5,0.1,7270,55604.05868424452,https://autarc.github.io/traveling-salesman-problem/#61-92-28-60-84-7-73-67-94-23-76-27-79-80-34-51-99-3-71-46-98-6-56-16-78-18-30-49-31-95-91-74-64-36-90-32-82-9-93-10-100-13-21-89-62-58-35-37-70-40-65-20-69-48-1-25-97-72-8-15-53-87-75-55-19-5-45-57-68-43-29-4-59-96-50-63-33-2-47-52-12-39-17-66-77-85-14-81-24-26-83-44-11-54-88-38-42-41-22-86
1000,100,0.4,0.5,0.1,7305,54809.45966302889,https://autarc.github.io/traveling-salesman-problem/#30-25-100-87-67-17-6-60-90-64-84-79-92-24-74-22-98-1-23-38-33-93-69-77-54-94-29-35-86-53-66-49-46-97-21-76-81-51-78-82-55-68-27-80-14-50-45-89-9-63-18-99-73-59-13-37-10-75-5-36-8-32-83-4-52-95-57-19-47-26-91-44-88-3-15-71-96-12-70-61-2-85-31-62-42-20-7-11-41-48-43-34-16-65-72-56-39-28-58-40
1000,100,0.4,0.5,0.1,10269,57664.111420536516,https://autarc.github.io/traveling-salesman-problem/#95-59-67-36-92-8-55-85-12-17-46-11-79-62-23-41-54-39-42-91-84-19-80-93-88-9-45-56-77-40-75-64-25-44-66-27-32-15-50-30-47-24-76-69-37-98-58-18-78-7-38-1-53-89-70-2-34-97-13-68-21-100-87-86-26-82-33-5-65-10-35-73-72-81-48-74-60-3-28-43-57-90-94-52-63-29-71-4-51-99-14-6-20-31-96-49-16-61-22-83
1000,100,0.4,0.5,0.1,10260,59760.5036316095,https://autarc.github.io/traveling-salesman-problem/#23-40-46-93-99-55-7-11-65-54-59-85-73-68-6-76-13-2-52-98-48-20-100-78-17-64-31-75-39-32-71-72-3-58-53-19-10-51-36-43-66-96-15-42-79-88-38-86-89-63-92-74-81-91-94-12-84-47-9-5-62-35-41-56-60-67-77-24-82-44-50-21-97-87-57-70-34-27-18-25-61-26-16-45-30-33-1-14-83-8-22-28-49-80-37-95-69-29-90-4
1000,100,0.5,0.4,0.1,7050,53497.49748301597,https://autarc.github.io/traveling-salesman-problem/#94-53-93-3-50-64-91-73-24-2-47-81-49-27-76-100-25-84-14-6-1-87-41-71-19-99-77-80-89-31-23-21-67-96-72-51-68-82-9-12-90-75-11-65-48-86-10-30-33-74-46-38-88-28-34-36-35-45-78-42-60-63-97-61-7-37-17-26-22-52-29-62-55-92-66-39-59-69-79-57-5-54-20-18-16-32-40-70-98-85-83-4-15-58-95-13-43-8-56-44
1000,100,0.5,0.4,0.1,9065,54268.028993454776,https://autarc.github.io/traveling-salesman-problem/#73-66-81-57-27-41-90-76-3-16-24-46-71-44-51-65-32-62-74-68-34-35-2-5-77-85-63-80-45-59-8-82-61-10-72-58-95-20-88-17-50-33-37-96-29-12-52-26-93-39-86-98-94-79-22-42-56-11-40-9-48-100-6-25-54-84-21-19-92-99-30-60-7-64-69-15-67-36-14-18-83-47-75-49-13-28-97-78-43-53-1-87-55-4-70-31-91-38-23-89
1000,100,0.5,0.4,0.1,6966,53471.85822255871,https://autarc.github.io/traveling-salesman-problem/#68-7-93-100-54-81-22-88-96-77-32-13-49-30-48-19-64-29-85-84-47-39-46-26-12-50-20-53-99-94-76-80-86-21-98-92-42-18-60-2-56-95-17-5-91-34-6-61-90-31-37-41-51-78-62-73-25-14-71-36-10-8-55-44-38-69-67-72-82-57-24-83-52-97-74-15-87-27-28-11-66-1-4-79-58-59-16-9-23-40-75-70-89-43-45-35-33-63-3-65
1000,100,0.5,0.4,0.1,7015,53949.18399626905,https://autarc.github.io/traveling-salesman-problem/#8-57-14-15-97-31-20-92-61-79-62-83-89-25-50-44-11-93-35-76-55-91-63-2-21-19-27-75-48-40-96-1-45-64-22-43-59-71-41-47-54-3-32-6-23-28-16-77-49-30-80-13-37-29-26-42-88-98-33-94-95-60-82-68-99-4-85-10-86-53-17-78-38-72-90-69-84-34-58-39-67-12-9-5-51-87-73-52-70-56-18-66-65-36-74-7-46-81-24-100
1000,100,0.5,0.4,0.1,6999,56884.83197763234,https://autarc.github.io/traveling-salesman-problem/#12-62-55-92-28-30-69-49-68-6-94-18-67-35-99-32-86-58-22-8-83-91-23-100-2-90-66-26-84-14-44-95-34-76-98-39-87-37-42-17-85-38-11-24-82-81-60-45-1-41-36-20-40-15-71-70-3-56-65-74-63-64-51-78-47-73-93-5-13-61-77-97-10-59-16-96-79-53-54-31-88-48-43-89-21-9-29-19-75-57-72-4-50-46-25-33-27-7-80-52
1000,100,0.6,0.3,0.1,6770,57678.335698373965,https://autarc.github.io/traveling-salesman-problem/#40-26-73-55-75-41-99-96-72-84-39-87-2-94-89-90-32-82-62-56-27-21-37-80-98-11-19-77-8-53-54-100-68-44-60-3-49-88-35-38-81-47-85-48-7-31-6-5-29-51-20-83-4-59-86-9-95-70-17-66-23-61-34-97-58-67-50-28-14-92-57-93-91-79-16-74-1-76-12-43-63-71-18-33-30-22-10-24-15-13-52-45-78-42-69-25-36-46-64-65
1000,100,0.6,0.3,0.1,7813,57391.20759238089,https://autarc.github.io/traveling-salesman-problem/#1-19-95-77-88-84-86-34-91-22-8-3-85-83-68-4-62-73-29-97-64-67-24-17-61-26-100-94-90-59-25-99-11-27-66-43-45-12-31-37-35-36-72-89-30-52-41-78-2-74-39-48-32-10-33-50-54-44-7-57-13-40-55-5-56-76-98-69-93-92-87-58-21-16-18-46-80-9-6-65-53-23-63-96-75-49-81-79-71-51-15-70-82-60-28-38-42-20-14-47
1000,100,0.6,0.3,0.1,6721,56890.49338505344,https://autarc.github.io/traveling-salesman-problem/#17-95-85-50-52-21-47-99-89-28-55-73-11-26-4-27-58-34-49-74-2-62-91-22-23-69-36-65-80-15-25-64-90-59-61-97-9-83-87-39-32-63-56-53-12-66-16-31-71-1-38-98-78-70-46-67-79-5-86-45-68-92-24-77-54-82-81-6-13-10-96-57-37-72-48-84-35-76-93-33-19-3-100-7-18-42-14-20-30-75-44-8-88-43-94-29-60-40-41-51
1000,100,0.6,0.3,0.1,6747,57657.825953985215,https://autarc.github.io/traveling-salesman-problem/#2-59-21-47-26-88-60-25-32-22-8-44-45-96-56-87-51-30-39-75-84-4-34-85-40-58-71-20-50-64-93-68-16-65-29-73-10-19-14-17-89-43-69-80-53-13-23-72-9-83-57-66-15-67-86-35-46-27-81-62-95-28-74-24-70-54-36-49-97-3-76-55-79-18-52-7-98-77-31-90-41-42-12-94-6-78-33-48-38-11-63-82-100-61-92-91-99-37-1-5
1000,100,0.6,0.3,0.1,6730,55653.52264113581,https://autarc.github.io/traveling-salesman-problem/#13-61-30-88-50-34-56-45-33-52-46-93-12-16-74-72-91-64-8-47-18-78-99-60-48-68-97-75-85-89-23-58-1-31-5-96-41-9-65-3-98-40-44-84-7-100-14-55-63-71-79-19-83-38-36-94-10-51-59-86-73-42-2-27-11-70-35-80-92-95-21-25-4-57-6-82-90-15-17-22-28-54-69-87-26-20-49-37-66-24-29-76-67-62-81-77-53-32-43-39
1000,100,0.7,0.2,0.1,6554,59389.98613004469,https://autarc.github.io/traveling-salesman-problem/#76-8-80-67-99-57-59-46-62-69-38-40-65-44-20-96-16-35-51-24-92-64-78-13-74-25-9-48-7-28-6-91-17-22-75-11-82-98-27-30-84-83-43-54-94-58-93-37-18-36-12-61-10-47-87-95-45-90-52-32-97-63-81-79-56-19-34-33-5-88-29-60-68-50-73-72-2-85-100-1-41-3-15-39-53-49-31-21-14-89-55-86-71-23-77-42-70-4-66-26
1000,100,0.7,0.2,0.1,6510,56252.78856930879,https://autarc.github.io/traveling-salesman-problem/#67-52-61-1-62-95-64-89-85-66-23-54-72-47-56-87-13-4-42-76-88-70-22-91-59-16-73-65-77-20-10-8-45-30-90-49-28-7-27-53-2-68-75-26-3-99-79-9-100-39-50-36-33-86-37-83-84-51-6-82-15-35-43-80-44-29-63-60-98-48-18-19-78-55-12-21-31-14-57-74-11-40-32-46-5-17-71-25-69-93-58-92-94-81-34-96-41-38-24-97
1000,100,0.7,0.2,0.1,9342,55492.96722548696,https://autarc.github.io/traveling-salesman-problem/#94-39-20-93-14-78-30-4-12-31-35-65-45-69-17-48-87-60-8-90-27-15-53-25-23-58-33-66-11-38-16-47-22-70-10-80-64-37-77-63-29-83-61-34-82-24-74-26-73-57-67-100-72-68-52-55-42-49-81-40-92-54-9-13-7-76-41-19-88-98-71-97-1-75-91-86-50-43-18-2-21-85-84-96-95-79-89-3-62-59-36-51-46-32-99-6-56-44-28-5
1000,100,0.7,0.2,0.1,9336,53565.46265509236,https://autarc.github.io/traveling-salesman-problem/#41-66-23-60-69-7-49-43-96-57-13-36-26-17-54-9-4-28-59-74-53-6-33-50-99-73-18-42-55-52-16-94-10-8-21-71-78-68-47-56-70-14-24-58-86-5-40-19-81-3-100-87-39-30-72-65-89-92-12-95-48-32-80-2-31-67-44-35-77-82-29-45-79-88-62-20-1-34-38-83-22-93-27-11-15-46-85-63-76-84-75-91-90-25-51-61-97-98-64-37
1000,100,0.7,0.2,0.1,6532,53587.09662174151,https://autarc.github.io/traveling-salesman-problem/#17-21-1-9-87-32-34-40-49-75-51-15-39-74-27-89-33-10-60-68-5-31-92-64-72-69-91-30-79-18-84-57-29-53-66-3-11-65-85-54-42-83-36-71-100-82-80-62-86-98-41-4-7-20-13-97-48-23-8-28-78-46-14-50-63-26-70-2-25-38-77-52-12-16-58-6-55-96-94-47-59-37-35-44-81-67-19-45-88-43-90-95-73-93-61-76-22-56-99-24
1000,100,0.8,0.1,0.1,6745,55098.761182888506,https://autarc.github.io/traveling-salesman-problem/#51-55-82-18-45-58-27-20-28-6-76-24-7-44-4-12-68-90-26-54-42-72-35-13-25-1-3-56-34-70-57-17-99-79-92-60-23-46-50-10-32-73-61-71-85-2-63-31-86-62-15-21-93-84-100-80-66-40-64-8-59-95-94-77-74-30-88-89-11-52-5-9-83-14-43-47-67-36-91-49-19-75-69-96-37-41-78-39-81-29-98-65-38-22-53-48-16-97-87-33
1000,100,0.8,0.1,0.1,6644,58355.42609279284,https://autarc.github.io/traveling-salesman-problem/#69-89-26-18-11-81-43-38-100-49-27-2-82-77-95-55-64-23-54-62-17-3-99-33-7-57-46-48-30-5-60-31-74-25-50-98-72-21-70-37-63-45-56-65-58-12-97-40-8-4-96-66-52-79-90-68-28-53-1-39-44-41-24-94-15-71-22-20-78-35-51-61-75-34-19-91-32-47-29-93-86-76-73-87-9-16-80-13-88-92-83-85-42-67-59-6-36-84-10-14
1000,100,0.8,0.1,0.1,6749,55818.44751836406,https://autarc.github.io/traveling-salesman-problem/#58-64-12-77-94-8-66-2-67-97-1-75-88-54-65-41-4-32-60-22-6-76-72-24-7-74-10-25-59-48-35-62-5-20-89-98-57-15-30-36-84-46-31-47-45-92-70-23-49-51-18-99-95-9-28-82-17-27-13-33-56-42-80-14-78-38-96-37-11-86-100-93-44-26-3-55-40-87-43-71-79-90-19-68-81-16-52-50-39-91-85-61-29-63-73-21-34-69-83-53
1000,100,0.8,0.1,0.1,8407,52658.7981522302,https://autarc.github.io/traveling-salesman-problem/#62-10-66-97-41-8-75-50-54-89-14-81-45-79-39-16-65-69-83-31-92-49-95-40-35-44-55-63-43-72-98-71-74-94-15-11-9-96-19-64-57-23-56-73-20-18-24-99-27-47-32-76-36-33-21-29-77-82-80-46-51-85-90-37-60-87-1-52-7-53-34-42-100-61-59-4-30-48-2-3-78-12-22-91-70-17-93-28-5-58-88-6-25-68-86-13-67-26-38-84
1000,100,0.8,0.1,0.1,7865,51578.17624587129,https://autarc.github.io/traveling-salesman-problem/#71-39-69-93-43-14-68-63-89-47-67-85-84-42-44-15-19-52-100-27-61-36-56-2-35-21-62-86-25-55-87-33-46-50-73-79-26-54-9-17-24-90-83-48-5-82-41-81-30-1-38-34-10-88-13-11-51-29-78-23-60-77-65-22-4-12-40-7-3-8-97-45-58-99-57-66-98-92-49-31-74-75-70-18-76-37-96-6-59-95-94-64-72-80-91-53-20-32-28-16
